<?xml version="1.0" encoding="UTF-8" standalone="yes"?>
<addon id="repository.c-pitcher290" name="c-pitcher290 repo" version="0.0.1" provider-name="Me">
	<extension point="xbmc.addon.repository" name="c-pitcher290 repo">
		<dir>
			<info compressed="false">https://raw.githubusercontent.com/totalrevolution/python-koding/master/zips/addons.xml</info>
			<checksum>https://raw.githubusercontent.com/totalrevolution/python-koding/master/zips/addons.xml.md5</checksum>
			<datadir zip="true">https://raw.githubusercontent.com/totalrevolution/python-koding/master/zips/</datadir>
		</dir>
		<info compressed="false">https://raw.githubusercontent.com/c-pitcher290/repository.c-pitcher290/master/zips/addons.xml</info>
		<checksum>https://raw.githubusercontent.com/c-pitcher290/repository.c-pitcher290/master/zips/addons.xml.md5</checksum>
		<datadir zip="true">https://raw.githubusercontent.com/c-pitcher290/repository.c-pitcher290/master/zips/</datadir>
	</extension>
	<extension point="xbmc.addon.metadata">
		<summary lang="en">Connor Repo</summary>
		<description lang="en">Repo for c-pitcher290</description>
		<genre></genre>
	</extension>
</addon>